{
  "method": "knn_k5",
  "train_zero_before": 0.6035138062994745,
  "val_zero_before": 0.6010955642855367,
  "knn_k": 5,
  "knn_ref": "k1_train",
  "train_zero_after": 0.2944750744161161,
  "val_zero_after": 0.2917268579527089,
  "n_bulk_train": 25706,
  "n_k1_train": 1477,
  "n_pb_train": 1584,
  "n_train_total": 28767,
  "n_bulk_val": 4537,
  "n_k1_val": 370,
  "n_pb_val": 263,
  "n_val_mixed_total": 5170
}